,TF,Target,Label
0,2,641,1
1,7,330,1
2,7,648,1
3,7,325,1
4,7,665,1
5,7,1138,1
6,7,483,1
7,7,552,1
8,7,605,1
9,7,871,1
10,7,744,1
11,7,628,1
12,7,1131,1
13,7,762,1
14,7,795,1
15,7,793,1
16,7,678,1
17,7,936,1
18,7,350,1
19,7,1106,1
20,7,1165,1
21,7,683,1
22,7,1147,1
23,7,398,1
24,7,364,1
25,7,48,1
26,7,171,1
27,7,625,1
28,7,474,1
29,7,22,1
30,7,498,1
31,7,473,1
32,7,4,1
33,18,490,1
34,18,483,1
35,18,977,1
36,20,587,1
37,20,484,1
38,20,901,1
39,20,1147,1
40,20,763,1
41,22,256,1
42,22,7,1
43,22,330,1
44,22,628,1
45,22,1147,1
46,22,474,1
47,22,354,1
48,22,798,1
49,22,366,1
50,22,607,1
51,22,936,1
52,22,48,1
53,22,725,1
54,22,834,1
55,22,373,1
56,22,498,1
57,22,483,1
58,22,9,1
59,22,4,1
60,22,1142,1
61,22,405,1
62,22,325,1
63,22,552,1
64,22,683,1
65,22,398,1
66,22,605,1
67,22,795,1
68,22,548,1
69,22,473,1
70,22,350,1
71,40,803,1
72,40,993,1
73,40,164,1
74,40,847,1
75,40,78,1
76,40,858,1
77,52,484,1
78,62,743,1
79,62,1021,1
80,62,950,1
81,62,55,1
82,68,923,1
83,68,1023,1
84,68,1148,1
85,68,929,1
86,68,654,1
87,68,730,1
88,68,586,1
89,68,904,1
90,68,181,1
91,68,37,1
92,68,901,1
93,68,755,1
94,68,857,1
95,68,1077,1
96,68,1091,1
97,68,76,1
98,68,849,1
99,68,588,1
100,68,1164,1
101,68,130,1
102,68,251,1
103,68,828,1
104,68,454,1
105,68,576,1
106,68,491,1
107,68,507,1
108,68,543,1
109,68,790,1
110,68,803,1
111,68,162,1
112,68,482,1
113,68,133,1
114,69,438,1
115,76,40,1
116,76,1041,1
117,76,1156,1
118,76,721,1
119,76,290,1
120,76,1177,1
121,76,220,1
122,76,61,1
123,76,779,1
124,76,847,1
125,76,1046,1
126,76,596,1
127,76,135,1
128,76,166,1
129,76,104,1
130,78,44,1
131,78,819,1
132,78,439,1
133,78,1096,1
134,78,667,1
135,78,261,1
136,78,1052,1
137,78,1025,1
138,78,927,1
139,78,721,1
140,78,56,1
141,78,866,1
142,78,775,1
143,78,40,1
144,99,901,1
145,99,714,1
146,100,1125,1
147,100,714,1
148,100,637,1
149,100,517,1
150,112,1027,1
151,112,666,1
152,130,677,1
153,130,483,1
154,150,877,1
155,150,252,1
156,150,214,1
157,150,207,1
158,150,305,1
159,150,163,1
160,151,885,1
161,151,1132,1
162,152,62,1
163,152,950,1
164,166,0,1
165,166,300,1
166,166,460,1
167,166,76,1
168,167,527,1
169,168,1072,1
170,168,638,1
171,178,744,1
172,178,882,1
173,178,625,1
174,178,274,1
175,178,206,1
176,178,288,1
177,178,1054,1
178,178,607,1
179,178,350,1
180,178,346,1
181,178,330,1
182,178,1059,1
183,178,405,1
184,178,262,1
185,178,219,1
186,178,398,1
187,178,667,1
188,178,485,1
189,179,1038,1
190,196,858,1
191,196,1177,1
192,196,384,1
193,196,484,1
194,198,600,1
195,198,609,1
196,198,306,1
197,198,214,1
198,198,1044,1
199,198,783,1
200,198,1124,1
201,198,927,1
202,198,481,1
203,198,1101,1
204,198,1155,1
205,198,1122,1
206,198,459,1
207,198,687,1
208,198,271,1
209,198,1200,1
210,198,796,1
211,198,174,1
212,198,1116,1
213,198,1168,1
214,198,1045,1
215,198,192,1
216,198,473,1
217,198,805,1
218,198,775,1
219,198,150,1
220,198,151,1
221,198,658,1
222,198,1175,1
223,198,510,1
224,198,91,1
225,198,682,1
226,198,1080,1
227,198,241,1
228,198,942,1
229,198,958,1
230,198,126,1
231,198,310,1
232,198,491,1
233,198,409,1
234,198,350,1
235,198,549,1
236,198,923,1
237,198,535,1
238,198,899,1
239,198,265,1
240,198,889,1
241,198,823,1
242,198,1106,1
243,198,1035,1
244,198,546,1
245,198,435,1
246,198,746,1
247,198,144,1
248,198,905,1
249,198,906,1
250,198,1174,1
251,198,850,1
252,198,475,1
253,198,957,1
254,198,976,1
255,198,440,1
256,198,492,1
257,198,854,1
258,198,403,1
259,198,1166,1
260,198,463,1
261,198,1190,1
262,198,804,1
263,198,983,1
264,198,729,1
265,198,448,1
266,198,898,1
267,198,228,1
268,198,1057,1
269,198,252,1
270,198,1143,1
271,198,1171,1
272,198,343,1
273,198,739,1
274,198,216,1
275,198,210,1
276,198,185,1
277,198,523,1
278,198,172,1
279,198,770,1
280,198,1072,1
281,198,908,1
282,205,885,1
283,205,125,1
284,216,543,1
285,228,589,1
286,228,827,1
287,228,185,1
288,228,100,1
289,228,68,1
290,228,1096,1
291,228,621,1
292,228,711,1
293,228,1144,1
294,240,291,1
295,240,252,1
296,240,258,1
297,240,214,1
298,246,711,1
299,246,794,1
300,246,868,1
301,246,87,1
302,246,574,1
303,246,161,1
304,246,75,1
305,246,944,1
306,246,780,1
307,246,312,1
308,246,164,1
309,246,836,1
310,246,655,1
311,246,168,1
312,246,823,1
313,246,40,1
314,246,69,1
315,246,300,1
316,246,898,1
317,246,611,1
318,246,1025,1
319,246,233,1
320,246,502,1
321,246,547,1
322,246,1054,1
323,246,857,1
324,246,643,1
325,246,476,1
326,246,697,1
327,246,865,1
328,246,1017,1
329,246,400,1
330,246,425,1
331,246,645,1
332,246,483,1
333,255,662,1
334,255,831,1
335,255,940,1
336,274,398,1
337,274,178,1
338,274,795,1
339,274,1054,1
340,277,823,1
341,277,694,1
342,277,370,1
343,277,962,1
344,277,519,1
345,277,384,1
346,277,300,1
347,277,1008,1
348,277,956,1
349,277,268,1
350,277,930,1
351,277,953,1
352,277,79,1
353,277,1041,1
354,277,724,1
355,277,846,1
356,294,71,1
357,300,999,1
358,312,1096,1
359,324,490,1
360,326,847,1
361,339,527,1
362,339,1165,1
363,339,172,1
364,339,306,1
365,339,664,1
366,339,184,1
367,354,48,1
368,354,22,1
369,354,171,1
370,354,405,1
371,354,798,1
372,354,325,1
373,354,1190,1
374,354,4,1
375,354,373,1
376,354,206,1
377,354,9,1
378,354,552,1
379,354,484,1
380,354,1147,1
381,354,398,1
382,354,473,1
383,354,367,1
384,354,125,1
385,354,607,1
386,354,936,1
387,354,483,1
388,354,1142,1
389,354,871,1
390,354,670,1
391,354,744,1
392,354,884,1
393,354,256,1
394,354,548,1
395,354,762,1
396,354,625,1
397,354,795,1
398,354,725,1
399,384,439,1
400,384,217,1
401,384,839,1
402,384,1082,1
403,384,858,1
404,384,1148,1
405,384,1185,1
406,384,1167,1
407,384,160,1
408,384,590,1
409,384,1088,1
410,384,641,1
411,384,126,1
412,384,857,1
413,384,957,1
414,384,59,1
415,384,71,1
416,384,1170,1
417,384,1195,1
418,384,326,1
419,384,1035,1
420,384,979,1
421,384,291,1
422,384,255,1
423,384,1095,1
424,384,1200,1
425,384,62,1
426,384,268,1
427,384,40,1
428,384,579,1
429,384,129,1
430,384,738,1
431,384,312,1
432,384,1041,1
433,384,638,1
434,384,546,1
435,384,196,1
436,384,26,1
437,384,46,1
438,384,229,1
439,415,1146,1
440,415,940,1
441,415,255,1
442,415,662,1
443,419,1132,1
444,419,527,1
445,419,1170,1
446,454,513,1
447,454,1156,1
448,460,104,1
449,460,921,1
450,460,166,1
451,460,858,1
452,460,1127,1
453,460,168,1
454,469,888,1
455,479,666,1
456,480,899,1
457,480,1041,1
458,483,22,1
459,483,1147,1
460,483,847,1
461,483,228,1
462,483,20,1
463,483,354,1
464,483,246,1
465,483,130,1
466,483,525,1
467,483,977,1
468,483,648,1
469,483,1156,1
470,483,889,1
471,483,18,1
472,525,134,1
473,525,1147,1
474,525,354,1
475,525,22,1
476,525,383,1
477,525,871,1
478,525,473,1
479,525,366,1
480,525,628,1
481,525,561,1
482,525,625,1
483,525,4,1
484,525,670,1
485,525,936,1
486,525,9,1
487,525,683,1
488,525,108,1
489,525,1190,1
490,525,498,1
491,525,665,1
492,525,726,1
493,525,548,1
494,525,483,1
495,525,457,1
496,525,607,1
497,525,256,1
498,525,762,1
499,525,678,1
500,525,398,1
501,527,1146,1
502,527,167,1
503,527,1132,1
504,527,419,1
505,529,726,1
506,543,931,1
507,543,216,1
508,575,415,1
509,575,1011,1
510,575,1167,1
511,575,511,1
512,579,261,1
513,579,1119,1
514,581,1156,1
515,581,78,1
516,581,889,1
517,587,421,1
518,587,1147,1
519,587,218,1
520,587,977,1
521,587,1041,1
522,587,20,1
523,587,108,1
524,589,228,1
525,621,918,1
526,621,1025,1
527,621,1085,1
528,641,2,1
529,648,498,1
530,648,4,1
531,648,473,1
532,648,725,1
533,648,548,1
534,648,1138,1
535,648,665,1
536,648,350,1
537,648,1106,1
538,648,762,1
539,648,561,1
540,648,483,1
541,648,793,1
542,648,936,1
543,648,871,1
544,648,1131,1
545,648,683,1
546,648,330,1
547,648,744,1
548,648,405,1
549,648,457,1
550,648,364,1
551,648,884,1
552,648,354,1
553,648,1165,1
554,648,484,1
555,648,7,1
556,648,108,1
557,648,288,1
558,648,1147,1
559,648,678,1
560,662,255,1
561,662,1146,1
562,662,1175,1
563,662,415,1
564,664,845,1
565,664,339,1
566,666,479,1
567,666,1027,1
568,684,626,1
569,684,1156,1
570,685,474,1
571,714,1101,1
572,714,898,1
573,714,395,1
574,714,803,1
575,714,781,1
576,714,589,1
577,714,800,1
578,714,455,1
579,714,728,1
580,714,99,1
581,714,826,1
582,721,326,1
583,736,62,1
584,736,819,1
585,736,575,1
586,736,847,1
587,743,950,1
588,743,76,1
589,743,967,1
590,743,152,1
591,778,846,1
592,780,901,1
593,800,395,1
594,800,196,1
595,800,803,1
596,800,826,1
597,800,463,1
598,800,714,1
599,800,587,1
600,800,781,1
601,800,185,1
602,800,1166,1
603,800,728,1
604,800,99,1
605,800,435,1
606,811,736,1
607,811,1096,1
608,811,800,1
609,811,608,1
610,819,1167,1
611,819,506,1
612,819,1011,1
613,819,188,1
614,819,846,1
615,819,602,1
616,819,584,1
617,819,586,1
618,819,988,1
619,819,1066,1
620,819,719,1
621,819,826,1
622,819,864,1
623,819,1177,1
624,819,90,1
625,819,806,1
626,819,1096,1
627,819,1092,1
628,819,871,1
629,819,548,1
630,819,404,1
631,819,799,1
632,819,444,1
633,827,684,1
634,827,228,1
635,827,1147,1
636,831,277,1
637,831,1041,1
638,831,415,1
639,831,255,1
640,831,948,1
641,831,843,1
642,831,1105,1
643,831,861,1
644,831,1049,1
645,831,43,1
646,831,376,1
647,831,780,1
648,831,738,1
649,839,384,1
650,846,541,1
651,846,781,1
652,846,950,1
653,846,467,1
654,846,561,1
655,846,60,1
656,846,977,1
657,846,1112,1
658,846,576,1
659,846,953,1
660,846,428,1
661,846,164,1
662,846,818,1
663,846,114,1
664,846,736,1
665,846,75,1
666,846,1082,1
667,846,738,1
668,846,882,1
669,846,887,1
670,846,800,1
671,846,1196,1
672,846,1155,1
673,846,1092,1
674,847,483,1
675,847,736,1
676,847,1156,1
677,847,78,1
678,857,1125,1
679,857,246,1
680,857,1088,1
681,858,979,1
682,858,426,1
683,858,62,1
684,858,738,1
685,858,1167,1
686,858,1170,1
687,858,977,1
688,858,1182,1
689,858,1187,1
690,858,261,1
691,858,575,1
692,858,897,1
693,858,135,1
694,858,326,1
695,858,217,1
696,858,118,1
697,858,534,1
698,858,40,1
699,858,335,1
700,858,940,1
701,858,581,1
702,858,608,1
703,858,1148,1
704,858,255,1
705,858,160,1
706,885,1119,1
707,885,410,1
708,885,683,1
709,885,372,1
710,885,491,1
711,899,480,1
712,901,68,1
713,901,977,1
714,901,786,1
715,901,780,1
716,901,20,1
717,917,1132,1
718,917,242,1
719,917,1102,1
720,917,44,1
721,918,621,1
722,918,711,1
723,918,228,1
724,921,166,1
725,921,0,1
726,931,543,1
727,950,152,1
728,950,743,1
729,955,877,1
730,955,252,1
731,955,214,1
732,955,258,1
733,956,1041,1
734,956,100,1
735,956,937,1
736,956,277,1
737,967,950,1
738,967,1041,1
739,967,743,1
740,967,612,1
741,977,144,1
742,977,1095,1
743,977,1166,1
744,977,877,1
745,977,885,1
746,977,463,1
747,977,100,1
748,977,440,1
749,977,1124,1
750,977,857,1
751,977,1116,1
752,977,1193,1
753,977,901,1
754,977,535,1
755,977,423,1
756,977,325,1
757,977,435,1
758,977,817,1
759,977,732,1
760,977,581,1
761,977,891,1
762,977,366,1
763,977,210,1
764,977,483,1
765,977,261,1
766,977,827,1
767,977,228,1
768,977,899,1
769,977,271,1
770,977,850,1
771,977,1162,1
772,977,520,1
773,977,376,1
774,977,647,1
775,977,131,1
776,977,306,1
777,977,1171,1
778,977,854,1
779,977,871,1
780,977,663,1
781,977,510,1
782,977,675,1
783,977,459,1
784,977,192,1
785,977,1041,1
786,977,917,1
787,977,910,1
788,977,75,1
789,977,898,1
790,977,845,1
791,977,612,1
792,977,942,1
793,977,395,1
794,977,741,1
795,977,957,1
796,977,955,1
797,977,1142,1
798,977,1129,1
799,977,150,1
800,977,976,1
801,977,352,1
802,977,1174,1
803,977,164,1
804,977,439,1
805,977,9,1
806,977,739,1
807,977,491,1
808,977,349,1
809,989,164,1
810,989,998,1
811,989,1156,1
812,993,1034,1
813,1006,133,1
814,1006,1186,1
815,1022,277,1
816,1025,581,1
817,1025,711,1
818,1025,621,1
819,1025,228,1
820,1027,1192,1
821,1027,666,1
822,1035,300,1
823,1035,143,1
824,1035,40,1
825,1035,999,1
826,1035,858,1
827,1035,1156,1
828,1035,22,1
829,1039,1197,1
830,1039,1007,1
831,1041,401,1
832,1041,490,1
833,1041,330,1
834,1041,846,1
835,1041,829,1
836,1041,579,1
837,1041,166,1
838,1041,76,1
839,1041,242,1
840,1041,1127,1
841,1041,999,1
842,1041,1167,1
843,1041,203,1
844,1041,967,1
845,1041,247,1
846,1041,588,1
847,1041,668,1
848,1041,831,1
849,1041,853,1
850,1041,587,1
851,1041,371,1
852,1041,482,1
853,1041,377,1
854,1041,835,1
855,1041,45,1
856,1041,806,1
857,1041,426,1
858,1041,124,1
859,1041,1063,1
860,1041,627,1
861,1041,339,1
862,1041,608,1
863,1041,858,1
864,1041,511,1
865,1041,397,1
866,1041,57,1
867,1059,178,1
868,1059,760,1
869,1059,293,1
870,1059,288,1
871,1059,311,1
872,1059,770,1
873,1059,262,1
874,1059,882,1
875,1059,330,1
876,1059,795,1
877,1068,4,1
878,1068,1165,1
879,1068,548,1
880,1082,1147,1
881,1082,185,1
882,1085,621,1
883,1088,470,1
884,1088,1156,1
885,1088,1186,1
886,1088,60,1
887,1088,615,1
888,1088,268,1
889,1088,1039,1
890,1088,43,1
891,1088,229,1
892,1088,977,1
893,1088,893,1
894,1088,319,1
895,1088,541,1
896,1088,120,1
897,1088,130,1
898,1088,623,1
899,1088,342,1
900,1088,105,1
901,1088,269,1
902,1088,147,1
903,1088,405,1
904,1088,908,1
905,1088,135,1
906,1088,906,1
907,1088,400,1
908,1088,467,1
909,1088,293,1
910,1088,617,1
911,1088,407,1
912,1088,290,1
913,1088,69,1
914,1088,182,1
915,1088,781,1
916,1088,5,1
917,1088,945,1
918,1088,869,1
919,1088,140,1
920,1088,218,1
921,1088,1021,1
922,1088,230,1
923,1088,711,1
924,1095,846,1
925,1096,339,1
926,1096,789,1
927,1096,517,1
928,1096,338,1
929,1096,758,1
930,1096,1171,1
931,1096,667,1
932,1096,324,1
933,1096,1100,1
934,1096,904,1
935,1096,312,1
936,1096,228,1
937,1096,115,1
938,1096,827,1
939,1096,442,1
940,1096,647,1
941,1096,44,1
942,1096,162,1
943,1096,1060,1
944,1096,135,1
945,1096,1025,1
946,1096,176,1
947,1096,146,1
948,1096,86,1
949,1096,2,1
950,1096,568,1
951,1096,28,1
952,1096,694,1
953,1096,785,1
954,1096,847,1
955,1096,721,1
956,1096,828,1
957,1096,775,1
958,1096,399,1
959,1096,917,1
960,1096,800,1
961,1096,290,1
962,1096,61,1
963,1096,400,1
964,1096,502,1
965,1096,1120,1
966,1096,540,1
967,1102,419,1
968,1102,44,1
969,1102,242,1
970,1102,463,1
971,1131,726,1
972,1131,1147,1
973,1131,498,1
974,1131,744,1
975,1131,398,1
976,1131,628,1
977,1131,648,1
978,1131,1156,1
979,1131,22,1
980,1131,484,1
981,1131,366,1
982,1131,354,1
983,1131,7,1
984,1131,373,1
985,1131,330,1
986,1132,163,1
987,1132,339,1
988,1132,151,1
989,1132,44,1
990,1132,1085,1
991,1132,885,1
992,1132,419,1
993,1132,527,1
994,1144,262,1
995,1144,1173,1
996,1144,311,1
997,1144,228,1
998,1146,921,1
999,1146,527,1
1000,1146,662,1
1001,1146,1013,1
1002,1146,831,1
1003,1156,330,1
1004,1156,483,1
1005,1156,823,1
1006,1156,684,1
1007,1165,330,1
1008,1165,1068,1
1009,1165,4,1
1010,1165,882,1
1011,1165,795,1
1012,1165,665,1
1013,1165,884,1
1014,1165,525,1
1015,1165,483,1
1016,1165,9,1
1017,1165,7,1
1018,1165,793,1
1019,1165,354,1
1020,1165,125,1
1021,1165,108,1
1022,1170,125,1
1023,1170,474,1
1024,1175,803,1
1025,1175,662,1
1026,1175,847,1
1027,1175,164,1
1028,1175,603,1
1029,1175,40,1
1030,1175,933,1
1031,1175,57,1
1032,1177,468,1
1033,1177,399,1
1034,1177,105,1
1035,1177,546,1
1036,1177,581,1
1037,1177,156,1
1038,1177,228,1
1039,1177,977,1
1040,1192,1027,1
1041,1192,479,1
1042,1192,543,1
1043,1192,305,1
1044,1192,163,1
1045,1196,857,1
1046,1196,935,1
1047,1196,1001,1
1048,1196,946,1
1049,1196,1183,1
1050,1196,741,1
1051,1196,852,1
1052,1196,662,1
1053,1196,463,1
1054,1196,100,1
1055,1196,1026,1
1056,1196,435,1
1057,1196,1059,1
1058,1196,135,1
1059,1197,1147,1
1060,2,267,0
1061,7,1039,0
1062,7,1149,0
1063,7,1003,0
1064,7,200,0
1065,7,901,0
1066,7,890,0
1067,7,35,0
1068,7,61,0
1069,7,89,0
1070,7,1136,0
1071,7,546,0
1072,7,629,0
1073,7,1081,0
1074,7,291,0
1075,7,741,0
1076,7,627,0
1077,7,854,0
1078,7,807,0
1079,7,1195,0
1080,7,1025,0
1081,7,148,0
1082,7,730,0
1083,7,395,0
1084,7,1006,0
1085,7,68,0
1086,7,712,0
1087,7,101,0
1088,7,280,0
1089,7,801,0
1090,7,215,0
1091,7,496,0
1092,7,707,0
1093,18,293,0
1094,18,174,0
1095,18,145,0
1096,20,965,0
1097,20,799,0
1098,20,362,0
1099,20,376,0
1100,20,765,0
1101,22,915,0
1102,22,741,0
1103,22,708,0
1104,22,688,0
1105,22,27,0
1106,22,319,0
1107,22,740,0
1108,22,908,0
1109,22,83,0
1110,22,831,0
1111,22,627,0
1112,22,402,0
1113,22,612,0
1114,22,386,0
1115,22,441,0
1116,22,25,0
1117,22,825,0
1118,22,463,0
1119,22,253,0
1120,22,149,0
1121,22,145,0
1122,22,945,0
1123,22,65,0
1124,22,1022,0
1125,22,193,0
1126,22,1141,0
1127,22,1055,0
1128,22,727,0
1129,22,575,0
1130,22,234,0
1131,40,770,0
1132,40,927,0
1133,40,458,0
1134,40,386,0
1135,40,556,0
1136,40,315,0
1137,52,1063,0
1138,62,272,0
1139,62,632,0
1140,62,310,0
1141,62,633,0
1142,68,508,0
1143,68,770,0
1144,68,1185,0
1145,68,832,0
1146,68,946,0
1147,68,393,0
1148,68,197,0
1149,68,655,0
1150,68,443,0
1151,68,793,0
1152,68,1076,0
1153,68,1093,0
1154,68,673,0
1155,68,700,0
1156,68,774,0
1157,68,305,0
1158,68,1112,0
1159,68,983,0
1160,68,152,0
1161,68,138,0
1162,68,797,0
1163,68,1143,0
1164,68,200,0
1165,68,1194,0
1166,68,1018,0
1167,68,1109,0
1168,68,373,0
1169,68,1087,0
1170,68,434,0
1171,68,910,0
1172,68,153,0
1173,68,950,0
1174,69,911,0
1175,76,734,0
1176,76,998,0
1177,76,235,0
1178,76,993,0
1179,76,20,0
1180,76,114,0
1181,76,1012,0
1182,76,1145,0
1183,76,955,0
1184,76,610,0
1185,76,776,0
1186,76,157,0
1187,76,494,0
1188,76,642,0
1189,76,745,0
1190,78,889,0
1191,78,50,0
1192,78,589,0
1193,78,978,0
1194,78,377,0
1195,78,550,0
1196,78,502,0
1197,78,943,0
1198,78,504,0
1199,78,1111,0
1200,78,1181,0
1201,78,459,0
1202,78,408,0
1203,78,79,0
1204,99,467,0
1205,99,163,0
1206,100,276,0
1207,100,255,0
1208,100,315,0
1209,100,682,0
1210,112,938,0
1211,112,342,0
1212,130,310,0
1213,130,49,0
1214,150,596,0
1215,150,110,0
1216,150,131,0
1217,150,482,0
1218,150,661,0
1219,150,1112,0
1220,151,200,0
1221,151,1124,0
1222,152,77,0
1223,152,552,0
1224,166,895,0
1225,166,777,0
1226,166,816,0
1227,166,1011,0
1228,167,726,0
1229,168,761,0
1230,168,621,0
1231,178,953,0
1232,178,12,0
1233,178,317,0
1234,178,164,0
1235,178,674,0
1236,178,272,0
1237,178,572,0
1238,178,49,0
1239,178,364,0
1240,178,136,0
1241,178,357,0
1242,178,160,0
1243,178,170,0
1244,178,1060,0
1245,178,300,0
1246,178,574,0
1247,178,1187,0
1248,178,134,0
1249,179,747,0
1250,196,469,0
1251,196,87,0
1252,196,642,0
1253,196,1111,0
1254,198,1145,0
1255,198,932,0
1256,198,916,0
1257,198,107,0
1258,198,275,0
1259,198,1199,0
1260,198,98,0
1261,198,1031,0
1262,198,613,0
1263,198,89,0
1264,198,242,0
1265,198,328,0
1266,198,642,0
1267,198,416,0
1268,198,692,0
1269,198,797,0
1270,198,761,0
1271,198,465,0
1272,198,1006,0
1273,198,76,0
1274,198,219,0
1275,198,64,0
1276,198,625,0
1277,198,490,0
1278,198,261,0
1279,198,94,0
1280,198,517,0
1281,198,1137,0
1282,198,1007,0
1283,198,814,0
1284,198,632,0
1285,198,218,0
1286,198,569,0
1287,198,111,0
1288,198,149,0
1289,198,704,0
1290,198,375,0
1291,198,105,0
1292,198,564,0
1293,198,1185,0
1294,198,277,0
1295,198,731,0
1296,198,213,0
1297,198,54,0
1298,198,1107,0
1299,198,295,0
1300,198,695,0
1301,198,592,0
1302,198,700,0
1303,198,1181,0
1304,198,782,0
1305,198,199,0
1306,198,901,0
1307,198,353,0
1308,198,509,0
1309,198,877,0
1310,198,367,0
1311,198,31,0
1312,198,1178,0
1313,198,819,0
1314,198,121,0
1315,198,411,0
1316,198,570,0
1317,198,520,0
1318,198,248,0
1319,198,1087,0
1320,198,187,0
1321,198,453,0
1322,198,1079,0
1323,198,1076,0
1324,198,1157,0
1325,198,1013,0
1326,198,162,0
1327,198,813,0
1328,198,246,0
1329,198,22,0
1330,198,484,0
1331,198,205,0
1332,198,1169,0
1333,198,1066,0
1334,198,579,0
1335,198,702,0
1336,198,1104,0
1337,198,142,0
1338,198,163,0
1339,198,650,0
1340,198,829,0
1341,198,15,0
1342,205,735,0
1343,205,644,0
1344,216,92,0
1345,228,327,0
1346,228,1029,0
1347,228,751,0
1348,228,896,0
1349,228,350,0
1350,228,505,0
1351,228,470,0
1352,228,510,0
1353,228,1019,0
1354,240,36,0
1355,240,16,0
1356,240,585,0
1357,240,1174,0
1358,246,1140,0
1359,246,528,0
1360,246,980,0
1361,246,210,0
1362,246,982,0
1363,246,516,0
1364,246,244,0
1365,246,740,0
1366,246,864,0
1367,246,688,0
1368,246,1052,0
1369,246,260,0
1370,246,812,0
1371,246,93,0
1372,246,343,0
1373,246,200,0
1374,246,691,0
1375,246,1027,0
1376,246,387,0
1377,246,497,0
1378,246,272,0
1379,246,220,0
1380,246,417,0
1381,246,419,0
1382,246,873,0
1383,246,64,0
1384,246,1028,0
1385,246,668,0
1386,246,145,0
1387,246,573,0
1388,246,907,0
1389,246,965,0
1390,246,733,0
1391,246,187,0
1392,246,759,0
1393,255,669,0
1394,255,749,0
1395,255,106,0
1396,274,695,0
1397,274,96,0
1398,274,568,0
1399,274,33,0
1400,277,1167,0
1401,277,42,0
1402,277,733,0
1403,277,1017,0
1404,277,919,0
1405,277,1057,0
1406,277,829,0
1407,277,1143,0
1408,277,569,0
1409,277,692,0
1410,277,1150,0
1411,277,566,0
1412,277,1151,0
1413,277,307,0
1414,277,534,0
1415,277,1142,0
1416,294,275,0
1417,300,716,0
1418,312,170,0
1419,324,630,0
1420,326,677,0
1421,339,939,0
1422,339,565,0
1423,339,600,0
1424,339,272,0
1425,339,487,0
1426,339,940,0
1427,354,545,0
1428,354,861,0
1429,354,586,0
1430,354,667,0
1431,354,551,0
1432,354,694,0
1433,354,115,0
1434,354,251,0
1435,354,1148,0
1436,354,399,0
1437,354,1057,0
1438,354,136,0
1439,354,585,0
1440,354,719,0
1441,354,764,0
1442,354,479,0
1443,354,592,0
1444,354,507,0
1445,354,930,0
1446,354,1081,0
1447,354,677,0
1448,354,1050,0
1449,354,99,0
1450,354,334,0
1451,354,702,0
1452,354,566,0
1453,354,209,0
1454,354,378,0
1455,354,1075,0
1456,354,2,0
1457,354,456,0
1458,354,739,0
1459,384,18,0
1460,384,980,0
1461,384,1152,0
1462,384,936,0
1463,384,1051,0
1464,384,937,0
1465,384,750,0
1466,384,178,0
1467,384,515,0
1468,384,690,0
1469,384,1132,0
1470,384,31,0
1471,384,968,0
1472,384,137,0
1473,384,320,0
1474,384,849,0
1475,384,1042,0
1476,384,82,0
1477,384,483,0
1478,384,117,0
1479,384,906,0
1480,384,850,0
1481,384,38,0
1482,384,315,0
1483,384,355,0
1484,384,1030,0
1485,384,190,0
1486,384,493,0
1487,384,892,0
1488,384,428,0
1489,384,438,0
1490,384,364,0
1491,384,873,0
1492,384,191,0
1493,384,512,0
1494,384,393,0
1495,384,900,0
1496,384,43,0
1497,384,391,0
1498,384,22,0
1499,415,312,0
1500,415,247,0
1501,415,766,0
1502,415,285,0
1503,419,461,0
1504,419,800,0
1505,419,196,0
1506,454,209,0
1507,454,493,0
1508,460,80,0
1509,460,924,0
1510,460,48,0
1511,460,605,0
1512,460,716,0
1513,460,843,0
1514,469,245,0
1515,479,1197,0
1516,480,889,0
1517,480,961,0
1518,483,917,0
1519,483,144,0
1520,483,106,0
1521,483,1103,0
1522,483,916,0
1523,483,1136,0
1524,483,178,0
1525,483,1037,0
1526,483,306,0
1527,483,761,0
1528,483,1080,0
1529,483,380,0
1530,483,885,0
1531,483,769,0
1532,525,1041,0
1533,525,731,0
1534,525,197,0
1535,525,8,0
1536,525,1199,0
1537,525,1119,0
1538,525,1118,0
1539,525,524,0
1540,525,828,0
1541,525,1080,0
1542,525,110,0
1543,525,633,0
1544,525,1051,0
1545,525,215,0
1546,525,291,0
1547,525,379,0
1548,525,1044,0
1549,525,138,0
1550,525,112,0
1551,525,375,0
1552,525,825,0
1553,525,759,0
1554,525,619,0
1555,525,729,0
1556,525,131,0
1557,525,819,0
1558,525,204,0
1559,525,545,0
1560,525,203,0
1561,527,656,0
1562,527,1138,0
1563,527,574,0
1564,527,1077,0
1565,529,1058,0
1566,543,508,0
1567,543,851,0
1568,575,664,0
1569,575,539,0
1570,575,827,0
1571,575,725,0
1572,579,988,0
1573,579,53,0
1574,581,670,0
1575,581,1190,0
1576,581,200,0
1577,587,908,0
1578,587,799,0
1579,587,638,0
1580,587,658,0
1581,587,549,0
1582,587,614,0
1583,587,255,0
1584,589,778,0
1585,621,627,0
1586,621,269,0
1587,621,1157,0
1588,641,786,0
1589,648,1144,0
1590,648,82,0
1591,648,1170,0
1592,648,542,0
1593,648,1085,0
1594,648,812,0
1595,648,244,0
1596,648,861,0
1597,648,641,0
1598,648,901,0
1599,648,590,0
1600,648,993,0
1601,648,1014,0
1602,648,846,0
1603,648,790,0
1604,648,301,0
1605,648,34,0
1606,648,1091,0
1607,648,120,0
1608,648,478,0
1609,648,156,0
1610,648,879,0
1611,648,815,0
1612,648,411,0
1613,648,664,0
1614,648,672,0
1615,648,923,0
1616,648,1148,0
1617,648,722,0
1618,648,503,0
1619,648,290,0
1620,662,1115,0
1621,662,326,0
1622,662,42,0
1623,662,1002,0
1624,664,235,0
1625,664,117,0
1626,666,574,0
1627,666,508,0
1628,684,523,0
1629,684,733,0
1630,685,1022,0
1631,714,904,0
1632,714,70,0
1633,714,618,0
1634,714,202,0
1635,714,762,0
1636,714,1144,0
1637,714,1059,0
1638,714,931,0
1639,714,249,0
1640,714,883,0
1641,714,708,0
1642,721,759,0
1643,736,25,0
1644,736,147,0
1645,736,944,0
1646,736,1136,0
1647,743,711,0
1648,743,428,0
1649,743,145,0
1650,743,1103,0
1651,778,1043,0
1652,780,808,0
1653,800,147,0
1654,800,557,0
1655,800,768,0
1656,800,1114,0
1657,800,793,0
1658,800,69,0
1659,800,832,0
1660,800,1148,0
1661,800,554,0
1662,800,355,0
1663,800,635,0
1664,800,392,0
1665,800,120,0
1666,811,485,0
1667,811,578,0
1668,811,1092,0
1669,811,1006,0
1670,819,1104,0
1671,819,1079,0
1672,819,95,0
1673,819,635,0
1674,819,279,0
1675,819,593,0
1676,819,913,0
1677,819,127,0
1678,819,725,0
1679,819,320,0
1680,819,561,0
1681,819,457,0
1682,819,865,0
1683,819,462,0
1684,819,365,0
1685,819,927,0
1686,819,1180,0
1687,819,99,0
1688,819,581,0
1689,819,931,0
1690,819,374,0
1691,819,314,0
1692,819,409,0
1693,827,18,0
1694,827,718,0
1695,827,996,0
1696,831,477,0
1697,831,764,0
1698,831,949,0
1699,831,957,0
1700,831,411,0
1701,831,888,0
1702,831,964,0
1703,831,887,0
1704,831,588,0
1705,831,1085,0
1706,831,876,0
1707,831,211,0
1708,831,1145,0
1709,839,121,0
1710,846,956,0
1711,846,793,0
1712,846,536,0
1713,846,694,0
1714,846,779,0
1715,846,90,0
1716,846,858,0
1717,846,895,0
1718,846,183,0
1719,846,810,0
1720,846,38,0
1721,846,1040,0
1722,846,670,0
1723,846,219,0
1724,846,182,0
1725,846,1195,0
1726,846,185,0
1727,846,486,0
1728,846,1025,0
1729,846,921,0
1730,846,1030,0
1731,846,459,0
1732,846,1042,0
1733,846,245,0
1734,847,505,0
1735,847,952,0
1736,847,444,0
1737,847,22,0
1738,857,924,0
1739,857,327,0
1740,857,936,0
1741,858,496,0
1742,858,1086,0
1743,858,172,0
1744,858,460,0
1745,858,968,0
1746,858,815,0
1747,858,1067,0
1748,858,639,0
1749,858,104,0
1750,858,797,0
1751,858,1097,0
1752,858,808,0
1753,858,747,0
1754,858,163,0
1755,858,254,0
1756,858,737,0
1757,858,181,0
1758,858,793,0
1759,858,410,0
1760,858,1022,0
1761,858,1085,0
1762,858,212,0
1763,858,1201,0
1764,858,521,0
1765,858,800,0
1766,885,1160,0
1767,885,1000,0
1768,885,593,0
1769,885,282,0
1770,885,881,0
1771,899,836,0
1772,901,65,0
1773,901,358,0
1774,901,232,0
1775,901,955,0
1776,901,486,0
1777,917,109,0
1778,917,467,0
1779,917,659,0
1780,917,142,0
1781,918,429,0
1782,918,1013,0
1783,918,242,0
1784,921,173,0
1785,921,1060,0
1786,931,527,0
1787,950,590,0
1788,950,1094,0
1789,955,363,0
1790,955,243,0
1791,955,77,0
1792,955,932,0
1793,956,733,0
1794,956,250,0
1795,956,1109,0
1796,956,640,0
1797,967,980,0
1798,967,1188,0
1799,967,808,0
1800,967,644,0
1801,977,993,0
1802,977,486,0
1803,977,784,0
1804,977,622,0
1805,977,50,0
1806,977,888,0
1807,977,16,0
1808,977,970,0
1809,977,533,0
1810,977,175,0
1811,977,477,0
1812,977,1015,0
1813,977,211,0
1814,977,1024,0
1815,977,1051,0
1816,977,720,0
1817,977,1115,0
1818,977,949,0
1819,977,872,0
1820,977,887,0
1821,977,399,0
1822,977,1022,0
1823,977,902,0
1824,977,470,0
1825,977,388,0
1826,977,86,0
1827,977,275,0
1828,977,752,0
1829,977,165,0
1830,977,790,0
1831,977,704,0
1832,977,304,0
1833,977,65,0
1834,977,162,0
1835,977,339,0
1836,977,1020,0
1837,977,441,0
1838,977,841,0
1839,977,671,0
1840,977,373,0
1841,977,782,0
1842,977,996,0
1843,977,307,0
1844,977,310,0
1845,977,660,0
1846,977,374,0
1847,977,761,0
1848,977,710,0
1849,977,334,0
1850,977,992,0
1851,977,1163,0
1852,977,697,0
1853,977,417,0
1854,977,972,0
1855,977,348,0
1856,977,1010,0
1857,977,815,0
1858,977,387,0
1859,977,515,0
1860,977,894,0
1861,977,750,0
1862,977,443,0
1863,977,1147,0
1864,977,823,0
1865,977,982,0
1866,977,1099,0
1867,977,1034,0
1868,977,749,0
1869,989,108,0
1870,989,993,0
1871,989,133,0
1872,993,524,0
1873,1006,458,0
1874,1006,991,0
1875,1022,907,0
1876,1025,915,0
1877,1025,1196,0
1878,1025,594,0
1879,1025,153,0
1880,1027,724,0
1881,1027,1147,0
1882,1035,820,0
1883,1035,479,0
1884,1035,1075,0
1885,1035,651,0
1886,1035,732,0
1887,1035,746,0
1888,1035,249,0
1889,1039,954,0
1890,1039,414,0
1891,1041,1109,0
1892,1041,176,0
1893,1041,89,0
1894,1041,1010,0
1895,1041,694,0
1896,1041,304,0
1897,1041,54,0
1898,1041,432,0
1899,1041,7,0
1900,1041,1092,0
1901,1041,139,0
1902,1041,923,0
1903,1041,349,0
1904,1041,818,0
1905,1041,509,0
1906,1041,243,0
1907,1041,872,0
1908,1041,799,0
1909,1041,381,0
1910,1041,1188,0
1911,1041,624,0
1912,1041,709,0
1913,1041,962,0
1914,1041,600,0
1915,1041,271,0
1916,1041,689,0
1917,1041,153,0
1918,1041,296,0
1919,1041,64,0
1920,1041,1108,0
1921,1041,388,0
1922,1041,452,0
1923,1041,160,0
1924,1041,640,0
1925,1041,992,0
1926,1041,761,0
1927,1059,334,0
1928,1059,1023,0
1929,1059,386,0
1930,1059,686,0
1931,1059,26,0
1932,1059,636,0
1933,1059,957,0
1934,1059,34,0
1935,1059,870,0
1936,1059,586,0
1937,1068,184,0
1938,1068,535,0
1939,1068,354,0
1940,1082,194,0
1941,1082,207,0
1942,1085,712,0
1943,1088,1095,0
1944,1088,984,0
1945,1088,530,0
1946,1088,479,0
1947,1088,21,0
1948,1088,933,0
1949,1088,1073,0
1950,1088,627,0
1951,1088,25,0
1952,1088,439,0
1953,1088,599,0
1954,1088,779,0
1955,1088,402,0
1956,1088,1084,0
1957,1088,438,0
1958,1088,877,0
1959,1088,863,0
1960,1088,1199,0
1961,1088,419,0
1962,1088,1048,0
1963,1088,666,0
1964,1088,778,0
1965,1088,149,0
1966,1088,27,0
1967,1088,589,0
1968,1088,272,0
1969,1088,767,0
1970,1088,817,0
1971,1088,463,0
1972,1088,1127,0
1973,1088,434,0
1974,1088,414,0
1975,1088,306,0
1976,1088,394,0
1977,1088,295,0
1978,1088,1177,0
1979,1088,1101,0
1980,1088,1134,0
1981,1088,1152,0
1982,1088,456,0
1983,1088,462,0
1984,1095,808,0
1985,1096,656,0
1986,1096,315,0
1987,1096,579,0
1988,1096,514,0
1989,1096,216,0
1990,1096,615,0
1991,1096,1167,0
1992,1096,102,0
1993,1096,1115,0
1994,1096,981,0
1995,1096,1042,0
1996,1096,578,0
1997,1096,695,0
1998,1096,345,0
1999,1096,354,0
2000,1096,860,0
2001,1096,212,0
2002,1096,571,0
2003,1096,189,0
2004,1096,750,0
2005,1096,873,0
2006,1096,1203,0
2007,1096,964,0
2008,1096,957,0
2009,1096,163,0
2010,1096,1070,0
2011,1096,465,0
2012,1096,1072,0
2013,1096,398,0
2014,1096,1102,0
2015,1096,404,0
2016,1096,459,0
2017,1096,81,0
2018,1096,429,0
2019,1096,173,0
2020,1096,768,0
2021,1096,1169,0
2022,1096,501,0
2023,1096,711,0
2024,1096,661,0
2025,1096,516,0
2026,1096,732,0
2027,1102,681,0
2028,1102,112,0
2029,1102,199,0
2030,1102,987,0
2031,1131,1181,0
2032,1131,37,0
2033,1131,968,0
2034,1131,221,0
2035,1131,1079,0
2036,1131,507,0
2037,1131,566,0
2038,1131,244,0
2039,1131,417,0
2040,1131,171,0
2041,1131,908,0
2042,1131,412,0
2043,1131,481,0
2044,1131,238,0
2045,1131,611,0
2046,1132,220,0
2047,1132,876,0
2048,1132,626,0
2049,1132,1049,0
2050,1132,1170,0
2051,1132,1,0
2052,1132,107,0
2053,1132,1047,0
2054,1144,1061,0
2055,1144,481,0
2056,1144,179,0
2057,1144,1034,0
2058,1146,393,0
2059,1146,629,0
2060,1146,19,0
2061,1146,601,0
2062,1146,451,0
2063,1156,335,0
2064,1156,886,0
2065,1156,512,0
2066,1156,394,0
2067,1165,371,0
2068,1165,650,0
2069,1165,552,0
2070,1165,623,0
2071,1165,672,0
2072,1165,1052,0
2073,1165,505,0
2074,1165,1043,0
2075,1165,274,0
2076,1165,68,0
2077,1165,394,0
2078,1165,851,0
2079,1165,1038,0
2080,1165,145,0
2081,1165,46,0
2082,1170,700,0
2083,1170,976,0
2084,1175,937,0
2085,1175,347,0
2086,1175,1151,0
2087,1175,689,0
2088,1175,212,0
2089,1175,679,0
2090,1175,285,0
2091,1175,124,0
2092,1177,684,0
2093,1177,551,0
2094,1177,1193,0
2095,1177,1183,0
2096,1177,640,0
2097,1177,513,0
2098,1177,130,0
2099,1177,237,0
2100,1192,1177,0
2101,1192,211,0
2102,1192,722,0
2103,1192,506,0
2104,1192,761,0
2105,1196,593,0
2106,1196,85,0
2107,1196,739,0
2108,1196,96,0
2109,1196,1198,0
2110,1196,1007,0
2111,1196,823,0
2112,1196,482,0
2113,1196,677,0
2114,1196,512,0
2115,1196,87,0
2116,1196,597,0
2117,1196,1085,0
2118,1196,979,0
2119,1197,92,0
